distancia_mm,sinal_medio,z,d_est_mm,erro_mm,uso,resolucao_mm_por_contagem
20,800,0.035355,24.35,4.35,ajuste,0.007
30,350,0.053452,29.93,-0.07,ajuste,0.024
40,140,0.084515,39.50,-0.50,ajuste,0.093
50,75,0.115470,49.03,-0.97,ajuste,0.237
60,50,0.141421,57.03,-2.97,ajuste,0.436
70,30,0.182574,69.70,-0.30,ajuste,0.937
80,25,0.200000,75.07,-4.93,ajuste,1.232
90,15,0.258199,93.00,3.00,ajuste,2.651
100,12,0.288675,102.39,2.39,ajuste,3.705
110,10,0.316228,110.88,0.88,validacao,4.871
120,8,0.353553,122.38,2.38,validacao,6.807
200,2,0.707107,231.29,31.29,fora (fundo),54.457
